_id,message_id,race_id,driver_id,mechanic_name,timestamp,lap,message_text,message_type,tags
68446db7621bbd729b514f55,msg3956,647,346,Emily Adams,2025-06-13T00:50:00Z,32,Yellow flag in sector 2.,alert,"['yellow_flag', 'sector2']"
68446db7621bbd729b5143b6,msg981,540,219,Chloe Harris,2025-06-08T21:40:00Z,51,DRS enabled.,info,"['drs', 'info']"
68446db7621bbd729b514ccf,msg3310,540,219,Sophie King,2025-06-12T03:18:00Z,46,Rain expected in 10 minutes.,weather,"['weather', 'rain']"
68446db7621bbd729b514f66,msg3973,485,176,Lisa Turner,2025-06-13T01:24:00Z,7,"Front wing damage, box for repairs.",alert,"['damage', 'pitstop', 'repair']"
68446db7621bbd729b514dcc,msg3563,196,14,Benjamin Allen,2025-06-12T11:44:00Z,2,"Retire the car, loss of power.",retirement,"['retirement', 'engine']"
68446db7621bbd729b51517c,msg4507,196,14,Benjamin Allen,2025-06-13T19:12:00Z,12,"Box for softs, push now.",strategy,"['pitstop', 'softs']"
68446db7621bbd729b5146ab,msg1738,633,280,Benjamin Allen,2025-06-09T22:54:00Z,22,"Check tyre temps, tyres are cold.",info,"['tyre_management', 'cold']"
68446db7621bbd729b51470a,msg1833,633,280,Grace Clark,2025-06-10T02:04:00Z,21,"Box for softs, push now.",strategy,"['pitstop', 'softs']"
68446db7621bbd729b514973,msg2450,155,18,Olivia Scott,2025-06-10T22:38:00Z,2,Virtual safety car deployed.,alert,"['vsc', 'alert']"
68446db7621bbd729b51515c,msg4475,155,18,Lisa Turner,2025-06-13T18:08:00Z,3,"Red flag, enter the pit lane.",alert,"['red_flag', 'alert']"
68446db7621bbd729b514627,msg1606,315,127,Mason Wright,2025-06-09T18:30:00Z,50,"Check tyre temps, tyres are cold.",info,"['tyre_management', 'cold']"
68446db7621bbd729b515368,msg4999,431,158,Chloe Harris,2025-06-14T11:36:00Z,46,"Good job, currently P3.",info,"['position', 'info']"
68446db7621bbd729b514ed5,msg3828,654,352,Nathan Lewis,2025-06-12T20:34:00Z,31,"Pit lane speeding, 5 sec penalty.",penalty,"['penalty', 'pitlane_speeding']"
68446db7621bbd729b514c3a,msg3161,1100,847,Emma Young,2025-06-11T22:20:00Z,10,"Blue flags, let car behind through.",alert,"['blue_flag', 'alert']"
68446db7621bbd729b514c42,msg3169,372,122,Chloe Harris,2025-06-11T22:36:00Z,3,Increase brake bias forward.,engine,"['brakes', 'bias']"
68446db7621bbd729b5141c8,msg487,797,643,Mike Brown,2025-06-08T05:12:00Z,30,"Final lap, bring it home.",info,"['final_lap', 'info']"
68446db7621bbd729b514641,msg1632,679,358,Grace Clark,2025-06-09T19:22:00Z,18,"Hold position, conserve tyres.",strategy,"['tyre_management', 'conserve']"
68446db7621bbd729b51496e,msg2445,394,145,Sophie King,2025-06-10T22:28:00Z,10,"Check tyre temps, tyres are cold.",info,"['tyre_management', 'cold']"
68446db7621bbd729b514cf5,msg3348,239,63,Daniel Lee,2025-06-12T04:34:00Z,13,Rain expected in 10 minutes.,weather,"['weather', 'rain']"
68446db7621bbd729b51512b,msg4426,111,35,Grace Clark,2025-06-13T16:30:00Z,3,"Engine overheating, reduce power.",engine,"['engine', 'overheating']"
68446db7621bbd729b514c7b,msg3226,831,626,Alex Green,2025-06-12T00:30:00Z,49,"Red flag, enter the pit lane.",alert,"['red_flag', 'alert']"
68446db7621bbd729b514f65,msg3972,838,498,Ella Martin,2025-06-13T01:22:00Z,14,"Harvest energy, charge battery.",engine,"['harvest', 'battery']"
68446db7621bbd729b51479d,msg1980,397,118,John Smith,2025-06-10T06:58:00Z,53,"Hold position, conserve tyres.",strategy,"['tyre_management', 'conserve']"
68446db7621bbd729b514dfe,msg3613,397,118,Grace Clark,2025-06-12T13:24:00Z,42,"Blue flags, let car behind through.",alert,"['blue_flag', 'alert']"
68446db7621bbd729b514966,msg2437,552,238,Jacob Evans,2025-06-10T22:12:00Z,55,"Brake temps high, adjust pace.",engine,"['brakes', 'high_temp']"
68446db7621bbd729b51527e,msg4765,552,238,Mason Wright,2025-06-14T03:48:00Z,21,"Blue flags, let car behind through.",alert,"['blue_flag', 'alert']"
68446db7621bbd729b515062,msg4225,819,475,Chloe Harris,2025-06-13T09:48:00Z,37,"Front wing damage, box for repairs.",alert,"['damage', 'pitstop', 'repair']"
68446db7621bbd729b514b90,msg2991,874,819,Luke Walker,2025-06-11T16:40:00Z,3,Switch to engine mode 7.,engine,"['engine', 'mode_change']"
68446db7621bbd729b5144ca,msg1257,675,322,Emma Young,2025-06-09T06:52:00Z,40,"Box for softs, push now.",strategy,"['pitstop', 'softs']"
68446db7621bbd729b51459d,msg1468,675,322,Mason Wright,2025-06-09T13:54:00Z,15,"Blue flags, let car behind through.",alert,"['blue_flag', 'alert']"
68446db7621bbd729b514e0a,msg3625,675,322,Ryan Hall,2025-06-12T13:48:00Z,10,"Brake temps high, adjust pace.",engine,"['brakes', 'high_temp']"
68446db7621bbd729b514948,msg2407,156,22,Grace Clark,2025-06-10T21:12:00Z,53,"Pit for hards, tyres at limit.",strategy,"['pitstop', 'hards', 'tyre_degradation']"
68446db7621bbd729b514d59,msg3448,305,123,Luke Walker,2025-06-12T07:54:00Z,34,"Box for softs, push now.",strategy,"['pitstop', 'softs']"
68446db7621bbd729b51500d,msg4140,327,123,Emma Young,2025-06-13T06:58:00Z,54,"Hold position, conserve tyres.",strategy,"['tyre_management', 'conserve']"
68446db7621bbd729b5148af,msg2254,241,56,Chloe Harris,2025-06-10T16:06:00Z,38,"Front wing damage, box for repairs.",alert,"['damage', 'pitstop', 'repair']"
68446db7621bbd729b514499,msg1208,633,207,Ella Martin,2025-06-09T05:14:00Z,20,"Save fuel, engine mode 5.",engine,"['engine', 'fuel_saving']"
68446db7621bbd729b51422a,msg585,639,223,Emma Young,2025-06-08T08:28:00Z,18,"Hold position, conserve tyres.",strategy,"['tyre_management', 'conserve']"
68446db7621bbd729b5147be,msg2013,590,222,John Smith,2025-06-10T08:04:00Z,48,"Hold position, conserve tyres.",strategy,"['tyre_management', 'conserve']"
68446db7621bbd729b514de6,msg3589,590,222,Grace Clark,2025-06-12T12:36:00Z,33,Increase brake bias forward.,engine,"['brakes', 'bias']"
68446db7621bbd729b515324,msg4931,38,11,John Smith,2025-06-14T09:20:00Z,24,"Pit for softs, final stint.",strategy,"['pitstop', 'softs', 'final_stint']"
68446db7621bbd729b51461d,msg1596,735,438,Benjamin Allen,2025-06-09T18:10:00Z,7,Yellow flag in sector 2.,alert,"['yellow_flag', 'sector2']"
68446db7621bbd729b5140da,msg249,723,356,Sara White,2025-06-07T21:16:00Z,15,"Harvest energy, charge battery.",engine,"['harvest', 'battery']"
68446db7621bbd729b51521b,msg4666,443,158,Sophie King,2025-06-14T00:30:00Z,43,"Pit for softs, final stint.",strategy,"['pitstop', 'softs', 'final_stint']"
68446db7621bbd729b5143e0,msg1023,271,87,Jacob Evans,2025-06-08T23:04:00Z,51,"Hold position, conserve tyres.",strategy,"['tyre_management', 'conserve']"
68446db7621bbd729b514f0b,msg3882,494,95,Sophie King,2025-06-12T22:22:00Z,28,"Switch to wets, rain intensifying.",weather,"['pitstop', 'wets', 'weather']"
68446db7621bbd729b5146ee,msg1805,387,118,Ryan Hall,2025-06-10T01:08:00Z,37,"Save fuel, engine mode 5.",engine,"['engine', 'fuel_saving']"
68446db7621bbd729b5145e6,msg1541,408,177,Emily Adams,2025-06-09T16:20:00Z,36,"Red flag, enter the pit lane.",alert,"['red_flag', 'alert']"
68446db7621bbd729b514276,msg661,846,30,Benjamin Allen,2025-06-08T11:00:00Z,27,"Hold position, conserve tyres.",strategy,"['tyre_management', 'conserve']"
68446db7621bbd729b5152ea,msg4873,128,15,Mason Wright,2025-06-14T07:24:00Z,54,"Hold position, conserve tyres.",strategy,"['tyre_management', 'conserve']"
68446db7621bbd729b5149c9,msg2536,786,509,Olivia Scott,2025-06-11T01:30:00Z,19,"Good job, currently P3.",info,"['position', 'info']"
68446db7621bbd729b5143bf,msg990,952,807,Sara White,2025-06-08T21:58:00Z,8,"Engine overheating, reduce power.",engine,"['engine', 'overheating']"
68446db7621bbd729b514f4b,msg3946,172,57,Olivia Scott,2025-06-13T00:30:00Z,6,"Switch to wets, rain intensifying.",weather,"['pitstop', 'wets', 'weather']"
68446db7621bbd729b514b22,msg2881,446,158,Chris Black,2025-06-11T13:00:00Z,34,"Pit lane speeding, 5 sec penalty.",penalty,"['penalty', 'pitlane_speeding']"
68446db7621bbd729b514a38,msg2647,146,18,Sophie King,2025-06-11T05:12:00Z,19,Prepare for safety car restart.,alert,"['safety_car', 'restart']"
68446db7621bbd729b514cdc,msg3323,449,176,Emily Adams,2025-06-12T03:44:00Z,29,"Check tyre temps, tyres are cold.",info,"['tyre_management', 'cold']"
68446db7621bbd729b514300,msg799,631,338,Mike Brown,2025-06-08T15:36:00Z,53,Prepare for safety car restart.,alert,"['safety_car', 'restart']"
68446db7621bbd729b514e3e,msg3677,595,235,Ryan Hall,2025-06-12T15:32:00Z,41,"Brake temps high, adjust pace.",engine,"['brakes', 'high_temp']"
68446db7621bbd729b514e6b,msg3722,595,235,Nathan Lewis,2025-06-12T17:02:00Z,51,"Pit for mediums, car behind boxing.",strategy,"['pitstop', 'mediums', 'gap']"
68446db7621bbd729b514d08,msg3367,692,289,Sara White,2025-06-12T05:12:00Z,22,"Brake temps high, adjust pace.",engine,"['brakes', 'high_temp']"
68446db7621bbd729b5146f9,msg1816,529,182,Emily Adams,2025-06-10T01:30:00Z,38,Rain expected in 10 minutes.,weather,"['weather', 'rain']"
68446db7621bbd729b5143e7,msg1030,480,118,John Smith,2025-06-08T23:18:00Z,7,"Blue flags, let car behind through.",alert,"['blue_flag', 'alert']"
68446db7621bbd729b514e02,msg3617,480,118,Mike Brown,2025-06-12T13:32:00Z,37,"Pit lane speeding, 5 sec penalty.",penalty,"['penalty', 'pitlane_speeding']"
68446db7621bbd729b5152b8,msg4823,826,526,Emily Adams,2025-06-14T05:44:00Z,30,"Pit for softs, final stint.",strategy,"['pitstop', 'softs', 'final_stint']"
68446db7621bbd729b5152f7,msg4886,415,137,Sara White,2025-06-14T07:50:00Z,30,"Hold position, conserve tyres.",strategy,"['tyre_management', 'conserve']"
68446db7621bbd729b5149f4,msg2579,479,158,Daniel Lee,2025-06-11T02:56:00Z,18,"Save fuel, engine mode 5.",engine,"['engine', 'fuel_saving']"
68446db7621bbd729b514de4,msg3587,461,140,Emma Young,2025-06-12T12:32:00Z,16,"Good job, currently P3.",info,"['position', 'info']"
68446db7621bbd729b514721,msg1856,416,110,John Smith,2025-06-10T02:50:00Z,41,"Harvest energy, charge battery.",engine,"['harvest', 'battery']"
68446db7621bbd729b514003,msg034,385,122,Alex Green,2025-06-07T14:06:00Z,52,DRS enabled.,info,"['drs', 'info']"
68446db7621bbd729b514d94,msg3507,533,119,Benjamin Allen,2025-06-12T09:52:00Z,40,"Check tyre temps, tyres are cold.",info,"['tyre_management', 'cold']"
68446db7621bbd729b514880,msg2207,318,87,Grace Clark,2025-06-10T14:32:00Z,21,"Red flag, enter the pit lane.",alert,"['red_flag', 'alert']"
68446db7621bbd729b5150ce,msg4333,42,3,Emily Adams,2025-06-13T13:24:00Z,51,"Check tyre temps, tyres are cold.",info,"['tyre_management', 'cold']"
68446db7621bbd729b5149d7,msg2550,647,262,Chris Black,2025-06-11T01:58:00Z,16,"Blue flags, let car behind through.",alert,"['blue_flag', 'alert']"
68446db7621bbd729b5151b0,msg4559,140,21,Nathan Lewis,2025-06-13T20:56:00Z,34,"Pit for mediums, car behind boxing.",strategy,"['pitstop', 'mediums', 'gap']"
68446db7621bbd729b515332,msg4945,639,235,Nathan Lewis,2025-06-14T09:48:00Z,12,"Pit for softs, final stint.",strategy,"['pitstop', 'softs', 'final_stint']"
68446db7621bbd729b5150df,msg4350,802,643,Lisa Turner,2025-06-13T13:58:00Z,28,Yellow flag in sector 2.,alert,"['yellow_flag', 'sector2']"
68446db7621bbd729b514e47,msg3686,707,374,Mike Brown,2025-06-12T15:50:00Z,44,"Pit for softs, final stint.",strategy,"['pitstop', 'softs', 'final_stint']"
68446db7621bbd729b514098,msg183,791,633,Emma Young,2025-06-07T19:04:00Z,5,"Retire the car, loss of power.",retirement,"['retirement', 'engine']"
68446db7621bbd729b515262,msg4737,271,109,Luke Walker,2025-06-14T02:52:00Z,12,"Switch to wets, rain intensifying.",weather,"['pitstop', 'wets', 'weather']"
68446db7621bbd729b5147cc,msg2027,341,24,Ella Martin,2025-06-10T08:32:00Z,13,Virtual safety car deployed.,alert,"['vsc', 'alert']"
68446db7621bbd729b514122,msg321,552,207,Mason Wright,2025-06-07T23:40:00Z,42,Yellow flag in sector 2.,alert,"['yellow_flag', 'sector2']"
68446db7621bbd729b5144f2,msg1297,614,304,Alex Green,2025-06-09T08:12:00Z,51,"Pit for softs, final stint.",strategy,"['pitstop', 'softs', 'final_stint']"
68446db7621bbd729b514894,msg2227,495,203,Sophie King,2025-06-10T15:12:00Z,54,Increase brake bias forward.,engine,"['brakes', 'bias']"
68446db7621bbd729b514ee7,msg3846,274,91,Luke Walker,2025-06-12T21:10:00Z,46,"Pit lane speeding, 5 sec penalty.",penalty,"['penalty', 'pitlane_speeding']"
68446db7621bbd729b5149c0,msg2527,133,8,John Smith,2025-06-11T01:12:00Z,32,"Blue flags, let car behind through.",alert,"['blue_flag', 'alert']"
68446db7621bbd729b514e7f,msg3742,647,327,Alex Green,2025-06-12T17:42:00Z,7,"Box for softs, push now.",strategy,"['pitstop', 'softs']"
68446db7621bbd729b5145b3,msg1490,582,197,Jacob Evans,2025-06-09T14:38:00Z,55,"Pit lane speeding, 5 sec penalty.",penalty,"['penalty', 'pitlane_speeding']"
68446db7621bbd729b51478c,msg1963,769,289,Mason Wright,2025-06-10T06:24:00Z,51,Increase brake bias forward.,engine,"['brakes', 'bias']"
68446db7621bbd729b514f56,msg3957,319,88,John Smith,2025-06-13T00:52:00Z,37,Prepare for safety car restart.,alert,"['safety_car', 'restart']"
68446db7621bbd729b51470e,msg1837,329,138,Nathan Lewis,2025-06-10T02:12:00Z,27,Switch to engine mode 7.,engine,"['engine', 'mode_change']"
68446db7621bbd729b5142c1,msg736,673,356,Daniel Lee,2025-06-08T13:30:00Z,52,"Save fuel, engine mode 5.",engine,"['engine', 'fuel_saving']"
68446db7621bbd729b514778,msg1943,665,352,Chloe Harris,2025-06-10T05:44:00Z,14,Yellow flag in sector 2.,alert,"['yellow_flag', 'sector2']"
68446db7621bbd729b5147b0,msg1999,665,352,Ryan Hall,2025-06-10T07:36:00Z,31,"Switch to wets, rain intensifying.",weather,"['pitstop', 'wets', 'weather']"
68446db7621bbd729b51510e,msg4397,375,146,Chris Black,2025-06-13T15:32:00Z,46,"Box for softs, push now.",strategy,"['pitstop', 'softs']"
68446db7621bbd729b514766,msg1925,90,13,Nathan Lewis,2025-06-10T05:08:00Z,38,Yellow flag in sector 2.,alert,"['yellow_flag', 'sector2']"
68446db7621bbd729b51523d,msg4700,525,206,Mike Brown,2025-06-14T01:38:00Z,47,"Check tyre temps, tyres are cold.",info,"['tyre_management', 'cold']"
68446db7621bbd729b51484c,msg2155,726,345,Lisa Turner,2025-06-10T12:48:00Z,48,Yellow flag in sector 2.,alert,"['yellow_flag', 'sector2']"
68446db7621bbd729b514f91,msg4016,259,92,Alex Green,2025-06-13T02:50:00Z,39,"Good job, currently P3.",info,"['position', 'info']"
68446db7621bbd729b5144c6,msg1253,687,389,Alex Green,2025-06-09T06:44:00Z,53,"Retire the car, loss of power.",retirement,"['retirement', 'engine']"
68446db7621bbd729b514eb9,msg3800,687,389,Sophie King,2025-06-12T19:38:00Z,11,Increase brake bias forward.,engine,"['brakes', 'bias']"
68446db7621bbd729b514940,msg2399,300,65,Benjamin Allen,2025-06-10T20:56:00Z,44,Increase brake bias forward.,engine,"['brakes', 'bias']"
68446db7621bbd729b514eff,msg3870,706,380,Luke Walker,2025-06-12T21:58:00Z,7,"Harvest energy, charge battery.",engine,"['harvest', 'battery']"
68446db7621bbd729b514533,msg1362,775,479,Luke Walker,2025-06-09T10:22:00Z,4,Switch to engine mode 7.,engine,"['engine', 'mode_change']"
68446db7621bbd729b514240,msg607,563,187,Nathan Lewis,2025-06-08T09:12:00Z,9,"Save fuel, engine mode 5.",engine,"['engine', 'fuel_saving']"
68446db7621bbd729b514704,msg1827,809,593,Chris Black,2025-06-10T01:52:00Z,44,DRS enabled.,info,"['drs', 'info']"
68446db7621bbd729b514392,msg945,590,289,Sara White,2025-06-08T20:28:00Z,10,Yellow flag in sector 2.,alert,"['yellow_flag', 'sector2']"
68446db7621bbd729b5147d3,msg2034,1099,840,Mike Brown,2025-06-10T08:46:00Z,6,"Pit lane speeding, 5 sec penalty.",penalty,"['penalty', 'pitlane_speeding']"
68446db7621bbd729b5143ae,msg973,258,81,Sophie King,2025-06-08T21:24:00Z,49,Virtual safety car deployed.,alert,"['vsc', 'alert']"
68446db7621bbd729b514ae9,msg2824,751,364,Chris Black,2025-06-11T11:06:00Z,41,"Hold position, conserve tyres.",strategy,"['tyre_management', 'conserve']"
68446db7621bbd729b514032,msg081,512,203,Ella Martin,2025-06-07T15:40:00Z,34,"Pit for mediums, car behind boxing.",strategy,"['pitstop', 'mediums', 'gap']"
68446db7621bbd729b51417e,msg413,423,102,Ella Martin,2025-06-08T02:44:00Z,49,DRS enabled.,info,"['drs', 'info']"
68446db7621bbd729b514202,msg545,209,71,Emma Young,2025-06-08T07:08:00Z,4,DRS enabled.,info,"['drs', 'info']"
68446db7621bbd729b5140dd,msg252,832,427,Grace Clark,2025-06-07T21:22:00Z,45,Yellow flag in sector 2.,alert,"['yellow_flag', 'sector2']"
68446db7621bbd729b5141bd,msg476,832,427,Chris Black,2025-06-08T04:50:00Z,39,"Box for softs, push now.",strategy,"['pitstop', 'softs']"
68446db7621bbd729b514b45,msg2916,537,137,Jacob Evans,2025-06-11T14:10:00Z,8,"Red flag, enter the pit lane.",alert,"['red_flag', 'alert']"
68446db7621bbd729b514149,msg360,985,4,Emma Young,2025-06-08T00:58:00Z,19,"Final lap, bring it home.",info,"['final_lap', 'info']"
68446db7621bbd729b515049,msg4200,826,770,Sara White,2025-06-13T08:58:00Z,30,"Pit lane speeding, 5 sec penalty.",penalty,"['penalty', 'pitlane_speeding']"
68446db7621bbd729b5143f3,msg1042,832,669,Benjamin Allen,2025-06-08T23:42:00Z,40,DRS enabled.,info,"['drs', 'info']"
68446db7621bbd729b51499f,msg2494,631,307,Emma Young,2025-06-11T00:06:00Z,30,"Check tyre temps, tyres are cold.",info,"['tyre_management', 'cold']"
68446db7621bbd729b514c66,msg3205,215,63,John Smith,2025-06-11T23:48:00Z,21,"Final lap, bring it home.",info,"['final_lap', 'info']"
68446db7621bbd729b515264,msg4739,54,2,Sophie King,2025-06-14T02:56:00Z,22,"Blue flags, let car behind through.",alert,"['blue_flag', 'alert']"
68446db7621bbd729b514124,msg323,148,14,Sara White,2025-06-07T23:44:00Z,35,"Blue flags, let car behind through.",alert,"['blue_flag', 'alert']"
68446db7621bbd729b514826,msg2117,222,79,Ella Martin,2025-06-10T11:32:00Z,1,Switch to engine mode 7.,engine,"['engine', 'mode_change']"
68446db7621bbd729b514318,msg823,440,158,Chloe Harris,2025-06-08T16:24:00Z,31,"Harvest energy, charge battery.",engine,"['harvest', 'battery']"
68446db7621bbd729b514f1b,msg3898,256,77,Luke Walker,2025-06-12T22:54:00Z,54,"Final lap, bring it home.",info,"['final_lap', 'info']"
68446db7621bbd729b514e06,msg3621,522,233,Luke Walker,2025-06-12T13:40:00Z,33,"Final lap, bring it home.",info,"['final_lap', 'info']"
68446db7621bbd729b514c03,msg3106,289,110,Luke Walker,2025-06-11T20:30:00Z,28,"Pit for mediums, car behind boxing.",strategy,"['pitstop', 'mediums', 'gap']"
68446db7621bbd729b514b6a,msg2953,140,23,Luke Walker,2025-06-11T15:24:00Z,3,DRS enabled.,info,"['drs', 'info']"
68446db7621bbd729b514cff,msg3358,267,100,Daniel Lee,2025-06-12T04:54:00Z,9,"Pit for mediums, car behind boxing.",strategy,"['pitstop', 'mediums', 'gap']"
68446db7621bbd729b5145a6,msg1477,784,475,John Smith,2025-06-09T14:12:00Z,44,"Pit for softs, final stint.",strategy,"['pitstop', 'softs', 'final_stint']"
68446db7621bbd729b5141d0,msg495,482,173,Emma Young,2025-06-08T05:28:00Z,30,Prepare for safety car restart.,alert,"['safety_car', 'restart']"
68446db7621bbd729b5144c3,msg1250,792,577,Nathan Lewis,2025-06-09T06:38:00Z,44,DRS enabled.,info,"['drs', 'info']"
68446db7621bbd729b514145,msg356,522,200,Olivia Scott,2025-06-08T00:50:00Z,47,Prepare for safety car restart.,alert,"['safety_car', 'restart']"
68446db7621bbd729b514f8c,msg4011,482,163,Nathan Lewis,2025-06-13T02:40:00Z,17,"Save fuel, engine mode 5.",engine,"['engine', 'fuel_saving']"
68446db7621bbd729b514543,msg1378,512,163,Jacob Evans,2025-06-09T10:54:00Z,31,"Harvest energy, charge battery.",engine,"['harvest', 'battery']"
68446db7621bbd729b515292,msg4785,404,157,Mason Wright,2025-06-14T04:28:00Z,15,"Engine overheating, reduce power.",engine,"['engine', 'overheating']"
68446db7621bbd729b513ff7,msg022,832,783,Grace Clark,2025-06-07T13:42:00Z,15,"Check tyre temps, tyres are cold.",info,"['tyre_management', 'cold']"
68446db7621bbd729b514bd4,msg3059,448,119,Jacob Evans,2025-06-11T18:56:00Z,28,Increase brake bias forward.,engine,"['brakes', 'bias']"
68446db7621bbd729b5145d2,msg1521,399,119,Sara White,2025-06-09T15:40:00Z,12,"Pit lane speeding, 5 sec penalty.",penalty,"['penalty', 'pitlane_speeding']"
68446db7621bbd729b514369,msg904,524,235,Mason Wright,2025-06-08T19:06:00Z,51,"Box for softs, push now.",strategy,"['pitstop', 'softs']"
68446db7621bbd729b514955,msg2420,524,235,Lisa Turner,2025-06-10T21:38:00Z,38,"Box for softs, push now.",strategy,"['pitstop', 'softs']"
68446db7621bbd729b5149bc,msg2523,284,110,Emma Young,2025-06-11T01:04:00Z,29,Rain expected in 10 minutes.,weather,"['weather', 'rain']"
68446db7621bbd729b514bf8,msg3095,284,110,Chris Black,2025-06-11T20:08:00Z,7,"Good job, currently P3.",info,"['position', 'info']"
68446db7621bbd729b51420c,msg555,273,100,Sophie King,2025-06-08T07:28:00Z,34,"Brake temps high, adjust pace.",engine,"['brakes', 'high_temp']"
68446db7621bbd729b515031,msg4176,273,100,Emma Young,2025-06-13T08:10:00Z,29,Switch to engine mode 7.,engine,"['engine', 'mode_change']"
68446db7621bbd729b514b7b,msg2970,479,205,Mason Wright,2025-06-11T15:58:00Z,31,Switch to engine mode 7.,engine,"['engine', 'mode_change']"
68446db7621bbd729b514a4f,msg2670,298,129,Lisa Turner,2025-06-11T05:58:00Z,36,"Switch to wets, rain intensifying.",weather,"['pitstop', 'wets', 'weather']"
68446db7621bbd729b5146f7,msg1814,134,35,Chloe Harris,2025-06-10T01:26:00Z,5,"Red flag, enter the pit lane.",alert,"['red_flag', 'alert']"
68446db7621bbd729b514482,msg1185,432,119,Jacob Evans,2025-06-09T04:28:00Z,25,"Engine overheating, reduce power.",engine,"['engine', 'overheating']"
68446db7621bbd729b514529,msg1352,419,157,Chris Black,2025-06-09T10:02:00Z,22,Prepare for safety car restart.,alert,"['safety_car', 'restart']"
68446db7621bbd729b514d44,msg3427,987,843,Daniel Lee,2025-06-12T07:12:00Z,23,Virtual safety car deployed.,alert,"['vsc', 'alert']"
68446db7621bbd729b514f5c,msg3963,999,817,Luke Walker,2025-06-13T01:04:00Z,6,"Pit for softs, final stint.",strategy,"['pitstop', 'softs', 'final_stint']"
68446db7621bbd729b514e9f,msg3774,452,190,Daniel Lee,2025-06-12T18:46:00Z,49,Increase brake bias forward.,engine,"['brakes', 'bias']"
68446db7621bbd729b514e80,msg3743,228,73,Jacob Evans,2025-06-12T17:44:00Z,12,"Pit for softs, final stint.",strategy,"['pitstop', 'softs', 'final_stint']"
68446db7621bbd729b514d5c,msg3451,215,75,Grace Clark,2025-06-12T08:00:00Z,49,"Check tyre temps, tyres are cold.",info,"['tyre_management', 'cold']"
68446db7621bbd729b514d09,msg3368,276,91,Sophie King,2025-06-12T05:14:00Z,25,"Retire the car, loss of power.",retirement,"['retirement', 'engine']"
68446db7621bbd729b51534d,msg4972,534,219,Benjamin Allen,2025-06-14T10:42:00Z,53,"Harvest energy, charge battery.",engine,"['harvest', 'battery']"
68446db7621bbd729b5147aa,msg1993,733,464,Ella Martin,2025-06-10T07:24:00Z,23,Virtual safety car deployed.,alert,"['vsc', 'alert']"
68446db7621bbd729b514757,msg1910,1045,815,Lisa Turner,2025-06-10T04:38:00Z,45,"Pit for hards, tyres at limit.",strategy,"['pitstop', 'hards', 'tyre_degradation']"
68446db7621bbd729b514163,msg386,690,358,Sara White,2025-06-08T01:50:00Z,50,"Brake temps high, adjust pace.",engine,"['brakes', 'high_temp']"
68446db7621bbd729b515338,msg4951,996,815,Emily Adams,2025-06-14T10:00:00Z,1,"Hold position, conserve tyres.",strategy,"['tyre_management', 'conserve']"
68446db7621bbd729b514151,msg368,155,56,John Smith,2025-06-08T01:14:00Z,4,"Engine overheating, reduce power.",engine,"['engine', 'overheating']"
68446db7621bbd729b514e6f,msg3726,155,56,Luke Walker,2025-06-12T17:10:00Z,5,"Blue flags, let car behind through.",alert,"['blue_flag', 'alert']"
68446db7621bbd729b51422b,msg586,602,223,Mike Brown,2025-06-08T08:30:00Z,45,"Pit for softs, final stint.",strategy,"['pitstop', 'softs', 'final_stint']"
68446db7621bbd729b514b62,msg2945,653,304,John Smith,2025-06-11T15:08:00Z,52,"Engine overheating, reduce power.",engine,"['engine', 'overheating']"
68446db7621bbd729b514fe2,msg4097,358,127,Sophie King,2025-06-13T05:32:00Z,16,Increase brake bias forward.,engine,"['brakes', 'bias']"
68446db7621bbd729b5151b7,msg4566,522,235,Daniel Lee,2025-06-13T21:10:00Z,54,"Save fuel, engine mode 5.",engine,"['engine', 'fuel_saving']"
68446db7621bbd729b5141e0,msg511,137,15,Mike Brown,2025-06-08T06:00:00Z,13,"Final lap, bring it home.",info,"['final_lap', 'info']"
68446db7621bbd729b5146da,msg1785,474,194,Sophie King,2025-06-10T00:28:00Z,54,Rain expected in 10 minutes.,weather,"['weather', 'rain']"
68446db7621bbd729b51531f,msg4926,461,196,Chloe Harris,2025-06-14T09:10:00Z,42,Virtual safety car deployed.,alert,"['vsc', 'alert']"
68446db7621bbd729b51511a,msg4409,811,579,Ella Martin,2025-06-13T15:56:00Z,9,Yellow flag in sector 2.,alert,"['yellow_flag', 'sector2']"
68446db7621bbd729b514561,msg1408,240,89,Chloe Harris,2025-06-09T11:54:00Z,20,"Blue flags, let car behind through.",alert,"['blue_flag', 'alert']"
68446db7621bbd729b5140c6,msg229,725,404,Emily Adams,2025-06-07T20:36:00Z,13,"Hold position, conserve tyres.",strategy,"['tyre_management', 'conserve']"
68446db7621bbd729b5141fa,msg537,725,404,Grace Clark,2025-06-08T06:52:00Z,17,"Hold position, conserve tyres.",strategy,"['tyre_management', 'conserve']"
68446db7621bbd729b514244,msg611,189,15,Emily Adams,2025-06-08T09:20:00Z,46,"Brake temps high, adjust pace.",engine,"['brakes', 'high_temp']"
68446db7621bbd729b514895,msg2228,751,542,Benjamin Allen,2025-06-10T15:14:00Z,7,"Hold position, conserve tyres.",strategy,"['tyre_management', 'conserve']"
68446db7621bbd729b514a9f,msg2750,173,48,John Smith,2025-06-11T08:38:00Z,29,"Good job, currently P3.",info,"['position', 'info']"
68446db7621bbd729b514634,msg1619,744,394,Emily Adams,2025-06-09T18:56:00Z,30,"Pit for mediums, car behind boxing.",strategy,"['pitstop', 'mediums', 'gap']"
68446db7621bbd729b5143db,msg1018,135,21,Nathan Lewis,2025-06-08T22:54:00Z,30,Increase brake bias forward.,engine,"['brakes', 'bias']"
68446db7621bbd729b51527d,msg4764,509,119,Lisa Turner,2025-06-14T03:46:00Z,23,"Good job, currently P3.",info,"['position', 'info']"
68446db7621bbd729b5151f8,msg4631,547,231,Emma Young,2025-06-13T23:20:00Z,7,Rain expected in 10 minutes.,weather,"['weather', 'rain']"
68446db7621bbd729b514b9a,msg3001,587,303,Mike Brown,2025-06-11T17:00:00Z,41,"Pit for mediums, car behind boxing.",strategy,"['pitstop', 'mediums', 'gap']"
68446db7621bbd729b514371,msg912,172,60,Sophie King,2025-06-08T19:22:00Z,58,"Box for softs, push now.",strategy,"['pitstop', 'softs']"
68446db7621bbd729b514fb1,msg4048,172,60,Ella Martin,2025-06-13T03:54:00Z,11,Switch to engine mode 7.,engine,"['engine', 'mode_change']"
68446db7621bbd729b514fdf,msg4094,639,327,Chris Black,2025-06-13T05:26:00Z,19,Rain expected in 10 minutes.,weather,"['weather', 'rain']"
68446db7621bbd729b514b2e,msg2893,1118,855,Mike Brown,2025-06-11T13:24:00Z,19,"Pit for mediums, car behind boxing.",strategy,"['pitstop', 'mediums', 'gap']"
68446db7621bbd729b5143ee,msg1037,146,21,Nathan Lewis,2025-06-08T23:32:00Z,1,"Engine overheating, reduce power.",engine,"['engine', 'overheating']"
68446db7621bbd729b514ba5,msg3012,217,81,Grace Clark,2025-06-11T17:22:00Z,6,"Brake temps high, adjust pace.",engine,"['brakes', 'high_temp']"
68446db7621bbd729b514d40,msg3423,217,81,Lisa Turner,2025-06-12T07:04:00Z,4,DRS enabled.,info,"['drs', 'info']"
68446db7621bbd729b514129,msg328,541,182,Mike Brown,2025-06-07T23:54:00Z,39,"Pit for hards, tyres at limit.",strategy,"['pitstop', 'hards', 'tyre_degradation']"
68446db7621bbd729b51464b,msg1642,301,57,Emily Adams,2025-06-09T19:42:00Z,25,Rain expected in 10 minutes.,weather,"['weather', 'rain']"
68446db7621bbd729b5149b1,msg2512,509,207,Emily Adams,2025-06-11T00:42:00Z,51,"Final lap, bring it home.",info,"['final_lap', 'info']"
68446db7621bbd729b51485f,msg2174,493,119,Emily Adams,2025-06-10T13:26:00Z,47,Virtual safety car deployed.,alert,"['vsc', 'alert']"
68446db7621bbd729b514be3,msg3074,265,111,Ella Martin,2025-06-11T19:26:00Z,25,"Blue flags, let car behind through.",alert,"['blue_flag', 'alert']"
68446db7621bbd729b514d32,msg3409,677,321,Emma Young,2025-06-12T06:36:00Z,5,DRS enabled.,info,"['drs', 'info']"
68446db7621bbd729b51434c,msg875,610,231,Emma Young,2025-06-08T18:08:00Z,16,"Box for softs, push now.",strategy,"['pitstop', 'softs']"
68446db7621bbd729b514102,msg289,601,182,Ella Martin,2025-06-07T22:36:00Z,37,"Red flag, enter the pit lane.",alert,"['red_flag', 'alert']"
68446db7621bbd729b51458e,msg1453,905,822,Ryan Hall,2025-06-09T13:24:00Z,43,"Good job, currently P3.",info,"['position', 'info']"
68446db7621bbd729b5144e1,msg1280,314,88,Sophie King,2025-06-09T07:38:00Z,10,"Brake temps high, adjust pace.",engine,"['brakes', 'high_temp']"
68446db7621bbd729b51447c,msg1179,54,3,Ryan Hall,2025-06-09T04:16:00Z,4,"Final lap, bring it home.",info,"['final_lap', 'info']"
68446db7621bbd729b5140a6,msg197,156,50,Luke Walker,2025-06-07T19:32:00Z,34,DRS enabled.,info,"['drs', 'info']"
68446db7621bbd729b514be2,msg3073,156,50,Lisa Turner,2025-06-11T19:24:00Z,7,Prepare for safety car restart.,alert,"['safety_car', 'restart']"
68446db7621bbd729b514fee,msg4109,802,427,John Smith,2025-06-13T05:56:00Z,49,"Good job, currently P3.",info,"['position', 'info']"
68446db7621bbd729b5150f8,msg4375,802,427,Ella Martin,2025-06-13T14:48:00Z,18,Switch to engine mode 7.,engine,"['engine', 'mode_change']"
68446db7621bbd729b5143e6,msg1029,493,207,Ryan Hall,2025-06-08T23:16:00Z,26,Rain expected in 10 minutes.,weather,"['weather', 'rain']"
68446db7621bbd729b514849,msg2152,493,207,Emily Adams,2025-06-10T12:42:00Z,17,"Pit for hards, tyres at limit.",strategy,"['pitstop', 'hards', 'tyre_degradation']"
68446db7621bbd729b5142c3,msg738,1011,807,Sara White,2025-06-08T13:34:00Z,50,Switch to engine mode 7.,engine,"['engine', 'mode_change']"
68446db7621bbd729b515180,msg4511,485,95,Chris Black,2025-06-13T19:20:00Z,53,"Front wing damage, box for repairs.",alert,"['damage', 'pitstop', 'repair']"
68446db7621bbd729b51436b,msg906,298,65,John Smith,2025-06-08T19:10:00Z,31,"Pit for mediums, car behind boxing.",strategy,"['pitstop', 'mediums', 'gap']"
68446db7621bbd729b51419a,msg441,405,84,Jacob Evans,2025-06-08T03:40:00Z,21,"Front wing damage, box for repairs.",alert,"['damage', 'pitstop', 'repair']"
68446db7621bbd729b5141aa,msg457,405,84,Emma Young,2025-06-08T04:12:00Z,11,"Check tyre temps, tyres are cold.",info,"['tyre_management', 'cold']"
68446db7621bbd729b514ca1,msg3264,362,122,Chris Black,2025-06-12T01:46:00Z,25,"Good job, currently P3.",info,"['position', 'info']"
68446db7621bbd729b514f81,msg4000,706,426,Sara White,2025-06-13T02:18:00Z,15,"Check tyre temps, tyres are cold.",info,"['tyre_management', 'cold']"
68446db7621bbd729b515156,msg4469,766,476,Ella Martin,2025-06-13T17:56:00Z,55,Rain expected in 10 minutes.,weather,"['weather', 'rain']"
68446db7621bbd729b5144c7,msg1254,301,125,Daniel Lee,2025-06-09T06:46:00Z,35,"Final lap, bring it home.",info,"['final_lap', 'info']"
68446db7621bbd729b51503e,msg4189,728,341,Emma Young,2025-06-13T08:36:00Z,51,Yellow flag in sector 2.,alert,"['yellow_flag', 'sector2']"
68446db7621bbd729b51508f,msg4270,216,22,Chris Black,2025-06-13T11:18:00Z,3,"Hold position, conserve tyres.",strategy,"['tyre_management', 'conserve']"
68446db7621bbd729b515273,msg4754,583,224,John Smith,2025-06-14T03:26:00Z,8,"Pit for mediums, car behind boxing.",strategy,"['pitstop', 'mediums', 'gap']"
68446db7621bbd729b5145a4,msg1475,769,580,Ryan Hall,2025-06-09T14:08:00Z,31,"Blue flags, let car behind through.",alert,"['blue_flag', 'alert']"
68446db7621bbd729b514219,msg568,643,360,Sara White,2025-06-08T07:54:00Z,30,"Engine overheating, reduce power.",engine,"['engine', 'overheating']"
68446db7621bbd729b51457a,msg1433,454,195,Emma Young,2025-06-09T12:44:00Z,41,"Pit lane speeding, 5 sec penalty.",penalty,"['penalty', 'pitlane_speeding']"
68446db7621bbd729b514f26,msg3909,492,199,Chris Black,2025-06-12T23:16:00Z,47,"Blue flags, let car behind through.",alert,"['blue_flag', 'alert']"
68446db7621bbd729b5148b3,msg2258,435,158,Olivia Scott,2025-06-10T16:14:00Z,22,"Pit for softs, final stint.",strategy,"['pitstop', 'softs', 'final_stint']"
68446db7621bbd729b514a67,msg2694,240,81,John Smith,2025-06-11T06:46:00Z,45,"Pit for softs, final stint.",strategy,"['pitstop', 'softs', 'final_stint']"
68446db7621bbd729b51429d,msg700,440,119,Luke Walker,2025-06-08T12:18:00Z,53,"Pit for softs, final stint.",strategy,"['pitstop', 'softs', 'final_stint']"
68446db7621bbd729b514b9f,msg3006,273,91,Jacob Evans,2025-06-11T17:10:00Z,53,"Save fuel, engine mode 5.",engine,"['engine', 'fuel_saving']"
68446db7621bbd729b514792,msg1969,40,5,John Smith,2025-06-10T06:36:00Z,35,"Final lap, bring it home.",info,"['final_lap', 'info']"
68446db7621bbd729b51413b,msg346,401,133,Olivia Scott,2025-06-08T00:30:00Z,6,"Harvest energy, charge battery.",engine,"['harvest', 'battery']"
68446db7621bbd729b51444c,msg1131,474,117,Luke Walker,2025-06-09T02:40:00Z,10,"Good job, currently P3.",info,"['position', 'info']"
68446db7621bbd729b5152c7,msg4838,474,117,Ryan Hall,2025-06-14T06:14:00Z,20,"Front wing damage, box for repairs.",alert,"['damage', 'pitstop', 'repair']"
68446db7621bbd729b51534c,msg4971,1091,839,John Smith,2025-06-14T10:40:00Z,24,Yellow flag in sector 2.,alert,"['yellow_flag', 'sector2']"
68446db7621bbd729b514507,msg1318,816,640,Benjamin Allen,2025-06-09T08:54:00Z,14,"Retire the car, loss of power.",retirement,"['retirement', 'engine']"
68446db7621bbd729b51528e,msg4781,816,640,Emily Adams,2025-06-14T04:20:00Z,10,"Switch to wets, rain intensifying.",weather,"['pitstop', 'wets', 'weather']"
68446db7621bbd729b515272,msg4753,576,250,Grace Clark,2025-06-14T03:24:00Z,29,"Box for softs, push now.",strategy,"['pitstop', 'softs']"
68446db7621bbd729b51402b,msg074,488,173,Luke Walker,2025-06-07T15:26:00Z,26,"Brake temps high, adjust pace.",engine,"['brakes', 'high_temp']"
68446db7621bbd729b515015,msg4148,325,151,Chris Black,2025-06-13T07:14:00Z,4,"Pit for softs, final stint.",strategy,"['pitstop', 'softs', 'final_stint']"
68446db7621bbd729b515200,msg4639,268,110,Lisa Turner,2025-06-13T23:36:00Z,33,"Retire the car, loss of power.",retirement,"['retirement', 'engine']"
68446db7621bbd729b514663,msg1666,789,636,Grace Clark,2025-06-09T20:30:00Z,44,"Retire the car, loss of power.",retirement,"['retirement', 'engine']"
68446db7621bbd729b514235,msg596,80,31,Grace Clark,2025-06-08T08:50:00Z,24,"Engine overheating, reduce power.",engine,"['engine', 'overheating']"
68446db7621bbd729b5144af,msg1230,298,110,John Smith,2025-06-09T05:58:00Z,21,"Good job, currently P3.",info,"['position', 'info']"
68446db7621bbd729b514aee,msg2829,745,341,Sophie King,2025-06-11T11:16:00Z,13,"Red flag, enter the pit lane.",alert,"['red_flag', 'alert']"
68446db7621bbd729b514232,msg593,741,428,Emma Young,2025-06-08T08:44:00Z,27,Virtual safety car deployed.,alert,"['vsc', 'alert']"
68446db7621bbd729b514765,msg1924,115,2,Alex Green,2025-06-10T05:06:00Z,46,Rain expected in 10 minutes.,weather,"['weather', 'rain']"
68446db7621bbd729b5144a3,msg1218,755,484,Mike Brown,2025-06-09T05:34:00Z,3,Prepare for safety car restart.,alert,"['safety_car', 'restart']"
68446db7621bbd729b514459,msg1144,709,373,Grace Clark,2025-06-09T03:06:00Z,28,"Retire the car, loss of power.",retirement,"['retirement', 'engine']"
68446db7621bbd729b51400b,msg042,213,57,Alex Green,2025-06-07T14:22:00Z,40,"Hold position, conserve tyres.",strategy,"['tyre_management', 'conserve']"
68446db7621bbd729b514010,msg047,213,57,Ryan Hall,2025-06-07T14:32:00Z,28,"Pit for mediums, car behind boxing.",strategy,"['pitstop', 'mediums', 'gap']"
68446db7621bbd729b51439c,msg955,646,289,Nathan Lewis,2025-06-08T20:48:00Z,14,"Pit lane speeding, 5 sec penalty.",penalty,"['penalty', 'pitlane_speeding']"
68446db7621bbd729b514692,msg1713,209,64,Emily Adams,2025-06-09T22:04:00Z,26,"Box for softs, push now.",strategy,"['pitstop', 'softs']"
68446db7621bbd729b514cce,msg3309,419,102,Ella Martin,2025-06-12T03:16:00Z,11,Yellow flag in sector 2.,alert,"['yellow_flag', 'sector2']"
68446db7621bbd729b51467e,msg1693,815,632,Sophie King,2025-06-09T21:24:00Z,47,"Good job, currently P3.",info,"['position', 'info']"
68446db7621bbd729b514230,msg591,11,20,Nathan Lewis,2025-06-08T08:40:00Z,13,Increase brake bias forward.,engine,"['brakes', 'bias']"
68446db7621bbd729b5147ab,msg1994,416,105,Sara White,2025-06-10T07:26:00Z,1,"Pit lane speeding, 5 sec penalty.",penalty,"['penalty', 'pitlane_speeding']"
68446db7621bbd729b514f4f,msg3950,652,238,Grace Clark,2025-06-13T00:38:00Z,33,Increase brake bias forward.,engine,"['brakes', 'bias']"
68446db7621bbd729b5147c5,msg2020,37,27,John Smith,2025-06-10T08:18:00Z,2,Prepare for safety car restart.,alert,"['safety_car', 'restart']"
68446db7621bbd729b514f95,msg4020,377,95,Mike Brown,2025-06-13T02:58:00Z,1,"Save fuel, engine mode 5.",engine,"['engine', 'fuel_saving']"
68446db7621bbd729b514fd4,msg4083,812,697,Ryan Hall,2025-06-13T05:04:00Z,32,"Pit for mediums, car behind boxing.",strategy,"['pitstop', 'mediums', 'gap']"
68446db7621bbd729b514831,msg2128,83,35,Mason Wright,2025-06-10T11:54:00Z,6,Rain expected in 10 minutes.,weather,"['weather', 'rain']"
68446db7621bbd729b515287,msg4774,310,77,Luke Walker,2025-06-14T04:06:00Z,47,Yellow flag in sector 2.,alert,"['yellow_flag', 'sector2']"
68446db7621bbd729b514c7e,msg3229,466,181,Emily Adams,2025-06-12T00:36:00Z,49,Switch to engine mode 7.,engine,"['engine', 'mode_change']"
68446db7621bbd729b5140f0,msg271,293,109,Benjamin Allen,2025-06-07T22:00:00Z,6,"Front wing damage, box for repairs.",alert,"['damage', 'pitstop', 'repair']"
68446db7621bbd729b51469d,msg1724,631,290,Lisa Turner,2025-06-09T22:26:00Z,1,Prepare for safety car restart.,alert,"['safety_car', 'restart']"
68446db7621bbd729b5152fb,msg4890,387,158,Jacob Evans,2025-06-14T07:58:00Z,24,Increase brake bias forward.,engine,"['brakes', 'bias']"
68446db7621bbd729b51406a,msg137,667,328,Grace Clark,2025-06-07T17:32:00Z,29,"Blue flags, let car behind through.",alert,"['blue_flag', 'alert']"
68446db7621bbd729b51415e,msg381,828,775,Jacob Evans,2025-06-08T01:40:00Z,30,"Save fuel, engine mode 5.",engine,"['engine', 'fuel_saving']"
68446db7621bbd729b51438f,msg942,366,112,John Smith,2025-06-08T20:22:00Z,55,Prepare for safety car restart.,alert,"['safety_car', 'restart']"
68446db7621bbd729b515251,msg4720,298,57,Nathan Lewis,2025-06-14T02:18:00Z,24,DRS enabled.,info,"['drs', 'info']"
68446db7621bbd729b514f89,msg4008,155,14,Alex Green,2025-06-13T02:34:00Z,5,"Pit for mediums, car behind boxing.",strategy,"['pitstop', 'mediums', 'gap']"
68446db7621bbd729b514aa9,msg2760,517,137,Sophie King,2025-06-11T08:58:00Z,40,Virtual safety car deployed.,alert,"['vsc', 'alert']"
68446db7621bbd729b5149bf,msg2526,264,77,Mason Wright,2025-06-11T01:10:00Z,51,Rain expected in 10 minutes.,weather,"['weather', 'rain']"
68446db7621bbd729b514d4d,msg3436,415,102,Grace Clark,2025-06-12T07:30:00Z,11,Rain expected in 10 minutes.,weather,"['weather', 'rain']"
68446db7621bbd729b514f1c,msg3899,639,341,Ryan Hall,2025-06-12T22:56:00Z,5,Rain expected in 10 minutes.,weather,"['weather', 'rain']"
68446db7621bbd729b514498,msg1207,315,100,Mike Brown,2025-06-09T05:12:00Z,14,"Check tyre temps, tyres are cold.",info,"['tyre_management', 'cold']"
68446db7621bbd729b514932,msg2385,378,156,Emma Young,2025-06-10T20:28:00Z,35,"Hold position, conserve tyres.",strategy,"['tyre_management', 'conserve']"
68446db7621bbd729b514889,msg2216,811,681,Ryan Hall,2025-06-10T14:50:00Z,42,"Switch to wets, rain intensifying.",weather,"['pitstop', 'wets', 'weather']"
68446db7621bbd729b5142ed,msg780,422,119,Lisa Turner,2025-06-08T14:58:00Z,34,"Harvest energy, charge battery.",engine,"['harvest', 'battery']"
68446db7621bbd729b514ef7,msg3862,643,352,Mason Wright,2025-06-12T21:42:00Z,32,"Pit lane speeding, 5 sec penalty.",penalty,"['penalty', 'pitlane_speeding']"
68446db7621bbd729b5144a6,msg1221,687,394,Grace Clark,2025-06-09T05:40:00Z,38,"Pit for softs, final stint.",strategy,"['pitstop', 'softs', 'final_stint']"
68446db7621bbd729b5150f0,msg4367,252,57,Grace Clark,2025-06-13T14:32:00Z,11,Yellow flag in sector 2.,alert,"['yellow_flag', 'sector2']"
68446db7621bbd729b51532d,msg4940,252,57,Emily Adams,2025-06-14T09:38:00Z,40,DRS enabled.,info,"['drs', 'info']"
68446db7621bbd729b514960,msg2431,373,95,Grace Clark,2025-06-10T22:00:00Z,31,Prepare for safety car restart.,alert,"['safety_car', 'restart']"
68446db7621bbd729b5144f0,msg1295,832,609,Benjamin Allen,2025-06-09T08:08:00Z,15,Prepare for safety car restart.,alert,"['safety_car', 'restart']"
68446db7621bbd729b514b74,msg2963,449,170,Grace Clark,2025-06-11T15:44:00Z,4,"Hold position, conserve tyres.",strategy,"['tyre_management', 'conserve']"
68446db7621bbd729b514a54,msg2675,228,63,Chris Black,2025-06-11T06:08:00Z,1,"Retire the car, loss of power.",retirement,"['retirement', 'engine']"
68446db7621bbd729b51503f,msg4190,539,221,Olivia Scott,2025-06-13T08:38:00Z,18,"Pit for mediums, car behind boxing.",strategy,"['pitstop', 'mediums', 'gap']"
68446db7621bbd729b515106,msg4389,824,762,Alex Green,2025-06-13T15:16:00Z,25,"Engine overheating, reduce power.",engine,"['engine', 'overheating']"
68446db7621bbd729b5152fa,msg4889,824,762,Jacob Evans,2025-06-14T07:56:00Z,20,"Pit for mediums, car behind boxing.",strategy,"['pitstop', 'mediums', 'gap']"
68446db7621bbd729b51504d,msg4204,445,177,Luke Walker,2025-06-13T09:06:00Z,3,Prepare for safety car restart.,alert,"['safety_car', 'restart']"
68446db7621bbd729b5149c6,msg2533,463,123,Olivia Scott,2025-06-11T01:24:00Z,41,"Retire the car, loss of power.",retirement,"['retirement', 'engine']"
68446db7621bbd729b5143aa,msg969,336,139,Chris Black,2025-06-08T21:16:00Z,29,Increase brake bias forward.,engine,"['brakes', 'bias']"
68446db7621bbd729b515006,msg4133,435,117,Emma Young,2025-06-13T06:44:00Z,30,Switch to engine mode 7.,engine,"['engine', 'mode_change']"
68446db7621bbd729b513ff8,msg023,310,122,Jacob Evans,2025-06-07T13:44:00Z,52,Virtual safety car deployed.,alert,"['vsc', 'alert']"
68446db7621bbd729b514a80,msg2719,477,119,Benjamin Allen,2025-06-11T07:36:00Z,24,"Engine overheating, reduce power.",engine,"['engine', 'overheating']"
68446db7621bbd729b514ed0,msg3823,406,95,Sara White,2025-06-12T20:24:00Z,13,Rain expected in 10 minutes.,weather,"['weather', 'rain']"
68446db7621bbd729b514754,msg1907,807,640,Emily Adams,2025-06-10T04:32:00Z,12,"Pit for softs, final stint.",strategy,"['pitstop', 'softs', 'final_stint']"
68446db7621bbd729b515296,msg4789,437,181,Luke Walker,2025-06-14T04:36:00Z,42,DRS enabled.,info,"['drs', 'info']"
68446db7621bbd729b514c1c,msg3131,810,664,Ella Martin,2025-06-11T21:20:00Z,9,"Engine overheating, reduce power.",engine,"['engine', 'overheating']"
68446db7621bbd729b514d75,msg3476,622,320,Alex Green,2025-06-12T08:50:00Z,30,"Box for softs, push now.",strategy,"['pitstop', 'softs']"
68446db7621bbd729b514d3f,msg3422,406,170,Mason Wright,2025-06-12T07:02:00Z,49,"Good job, currently P3.",info,"['position', 'info']"
68446db7621bbd729b515238,msg4695,493,175,Emily Adams,2025-06-14T01:28:00Z,19,Rain expected in 10 minutes.,weather,"['weather', 'rain']"
68446db7621bbd729b515061,msg4224,313,100,Sara White,2025-06-13T09:46:00Z,14,"Hold position, conserve tyres.",strategy,"['tyre_management', 'conserve']"
68446db7621bbd729b5149d9,msg2552,319,30,Mason Wright,2025-06-11T02:02:00Z,11,"Front wing damage, box for repairs.",alert,"['damage', 'pitstop', 'repair']"
68446db7621bbd729b514851,msg2160,743,479,Sophie King,2025-06-10T12:58:00Z,25,Virtual safety car deployed.,alert,"['vsc', 'alert']"
68446db7621bbd729b514971,msg2448,524,175,Daniel Lee,2025-06-10T22:34:00Z,36,"Harvest energy, charge battery.",engine,"['harvest', 'battery']"
68446db7621bbd729b5145bd,msg1500,497,158,Sara White,2025-06-09T14:58:00Z,47,"Pit for mediums, car behind boxing.",strategy,"['pitstop', 'mediums', 'gap']"
68446db7621bbd729b5146ec,msg1803,644,356,Benjamin Allen,2025-06-10T01:04:00Z,37,"Box for softs, push now.",strategy,"['pitstop', 'softs']"
68446db7621bbd729b514903,msg2338,802,650,Grace Clark,2025-06-10T18:54:00Z,39,Increase brake bias forward.,engine,"['brakes', 'bias']"
68446db7621bbd729b514e13,msg3634,294,99,Sara White,2025-06-12T14:06:00Z,9,"Pit for hards, tyres at limit.",strategy,"['pitstop', 'hards', 'tyre_degradation']"
68446db7621bbd729b5145c3,msg1506,529,231,Sophie King,2025-06-09T15:10:00Z,35,DRS enabled.,info,"['drs', 'info']"
68446db7621bbd729b514c75,msg3220,654,262,Ryan Hall,2025-06-12T00:18:00Z,49,"Pit lane speeding, 5 sec penalty.",penalty,"['penalty', 'pitlane_speeding']"
68446db7621bbd729b514c7c,msg3227,654,262,Sophie King,2025-06-12T00:32:00Z,20,Virtual safety car deployed.,alert,"['vsc', 'alert']"
68446db7621bbd729b5141f6,msg533,137,8,Mason Wright,2025-06-08T06:44:00Z,17,Yellow flag in sector 2.,alert,"['yellow_flag', 'sector2']"
68446db7621bbd729b514d24,msg3395,510,110,Nathan Lewis,2025-06-12T06:08:00Z,6,"Switch to wets, rain intensifying.",weather,"['pitstop', 'wets', 'weather']"
68446db7621bbd729b514db4,msg3539,510,110,Jacob Evans,2025-06-12T10:56:00Z,33,"Retire the car, loss of power.",retirement,"['retirement', 'engine']"
68446db7621bbd729b51455d,msg1404,379,156,Chris Black,2025-06-09T11:46:00Z,32,"Check tyre temps, tyres are cold.",info,"['tyre_management', 'cold']"
68446db7621bbd729b514a68,msg2695,643,243,Emma Young,2025-06-11T06:48:00Z,25,Prepare for safety car restart.,alert,"['safety_car', 'restart']"
68446db7621bbd729b514644,msg1635,535,152,Mason Wright,2025-06-09T19:28:00Z,5,"Pit for hards, tyres at limit.",strategy,"['pitstop', 'hards', 'tyre_degradation']"
68446db7621bbd729b5140fb,msg282,673,350,Grace Clark,2025-06-07T22:22:00Z,43,"Pit for hards, tyres at limit.",strategy,"['pitstop', 'hards', 'tyre_degradation']"
68446db7621bbd729b514eac,msg3787,673,350,Jacob Evans,2025-06-12T19:12:00Z,10,Yellow flag in sector 2.,alert,"['yellow_flag', 'sector2']"
68446db7621bbd729b5141f3,msg530,238,50,Chris Black,2025-06-08T06:38:00Z,36,"Pit lane speeding, 5 sec penalty.",penalty,"['penalty', 'pitlane_speeding']"
68446db7621bbd729b5149b3,msg2514,335,103,Jacob Evans,2025-06-11T00:46:00Z,37,Increase brake bias forward.,engine,"['brakes', 'bias']"
68446db7621bbd729b514d05,msg3364,643,341,Luke Walker,2025-06-12T05:06:00Z,2,"Hold position, conserve tyres.",strategy,"['tyre_management', 'conserve']"
68446db7621bbd729b514076,msg149,558,233,Luke Walker,2025-06-07T17:56:00Z,21,"Pit lane speeding, 5 sec penalty.",penalty,"['penalty', 'pitlane_speeding']"
68446db7621bbd729b51456f,msg1422,340,10,Sara White,2025-06-09T12:22:00Z,41,Rain expected in 10 minutes.,weather,"['weather', 'rain']"
68446db7621bbd729b5151ca,msg4585,989,842,Sara White,2025-06-13T21:48:00Z,13,"Box for softs, push now.",strategy,"['pitstop', 'softs']"
68446db7621bbd729b514104,msg291,117,15,Lisa Turner,2025-06-07T22:40:00Z,7,"Red flag, enter the pit lane.",alert,"['red_flag', 'alert']"
68446db7621bbd729b5152bb,msg4826,117,15,Grace Clark,2025-06-14T05:50:00Z,40,"Retire the car, loss of power.",retirement,"['retirement', 'engine']"
68446db7621bbd729b514cae,msg3277,112,21,Jacob Evans,2025-06-12T02:12:00Z,31,"Good job, currently P3.",info,"['position', 'info']"
68446db7621bbd729b514c85,msg3236,1123,1,Olivia Scott,2025-06-12T00:50:00Z,6,"Pit for softs, final stint.",strategy,"['pitstop', 'softs', 'final_stint']"
68446db7621bbd729b5150a3,msg4290,583,172,Grace Clark,2025-06-13T11:58:00Z,23,DRS enabled.,info,"['drs', 'info']"
68446db7621bbd729b51451e,msg1341,434,170,Luke Walker,2025-06-09T09:40:00Z,26,"Retire the car, loss of power.",retirement,"['retirement', 'engine']"
68446db7621bbd729b514865,msg2180,999,845,Ryan Hall,2025-06-10T13:38:00Z,43,"Front wing damage, box for repairs.",alert,"['damage', 'pitstop', 'repair']"
68446db7621bbd729b51528b,msg4778,303,95,Chloe Harris,2025-06-14T04:14:00Z,50,"Box for softs, push now.",strategy,"['pitstop', 'softs']"
68446db7621bbd729b51451f,msg1342,681,289,Luke Walker,2025-06-09T09:42:00Z,12,"Switch to wets, rain intensifying.",weather,"['pitstop', 'wets', 'weather']"
68446db7621bbd729b514421,msg1088,426,156,Ryan Hall,2025-06-09T01:14:00Z,9,"Pit for softs, final stint.",strategy,"['pitstop', 'softs', 'final_stint']"
68446db7621bbd729b5142c6,msg741,678,376,Emma Young,2025-06-08T13:40:00Z,44,"Box for softs, push now.",strategy,"['pitstop', 'softs']"
68446db7621bbd729b5141c1,msg480,1007,817,John Smith,2025-06-08T04:58:00Z,56,"Harvest energy, charge battery.",engine,"['harvest', 'battery']"
68446db7621bbd729b5147b6,msg2005,176,22,Sophie King,2025-06-10T07:48:00Z,40,"Save fuel, engine mode 5.",engine,"['engine', 'fuel_saving']"
68446db7621bbd729b514f53,msg3954,433,172,John Smith,2025-06-13T00:46:00Z,52,Virtual safety car deployed.,alert,"['vsc', 'alert']"
68446db7621bbd729b514bb9,msg3032,537,229,Emily Adams,2025-06-11T18:02:00Z,10,"Hold position, conserve tyres.",strategy,"['tyre_management', 'conserve']"
68446db7621bbd729b51468a,msg1705,932,4,Olivia Scott,2025-06-09T21:48:00Z,41,"Brake temps high, adjust pace.",engine,"['brakes', 'high_temp']"
68446db7621bbd729b51535b,msg4986,420,94,Nathan Lewis,2025-06-14T11:10:00Z,36,"Pit lane speeding, 5 sec penalty.",penalty,"['penalty', 'pitlane_speeding']"
68446db7621bbd729b514624,msg1603,626,320,Emily Adams,2025-06-09T18:24:00Z,6,"Box for softs, push now.",strategy,"['pitstop', 'softs']"
68446db7621bbd729b514619,msg1592,129,44,Ella Martin,2025-06-09T18:02:00Z,6,"Good job, currently P3.",info,"['position', 'info']"
68446db7621bbd729b515348,msg4967,387,159,John Smith,2025-06-14T10:32:00Z,30,Prepare for safety car restart.,alert,"['safety_car', 'restart']"
68446db7621bbd729b514958,msg2423,752,437,Alex Green,2025-06-10T21:44:00Z,36,"Good job, currently P3.",info,"['position', 'info']"
68446db7621bbd729b514431,msg1104,556,233,Daniel Lee,2025-06-09T01:46:00Z,22,"Blue flags, let car behind through.",alert,"['blue_flag', 'alert']"
68446db7621bbd729b515247,msg4710,556,233,Sara White,2025-06-14T01:58:00Z,53,"Blue flags, let car behind through.",alert,"['blue_flag', 'alert']"
68446db7621bbd729b514316,msg821,638,307,Chris Black,2025-06-08T16:20:00Z,44,Increase brake bias forward.,engine,"['brakes', 'bias']"
68446db7621bbd729b514f28,msg3911,638,307,Ryan Hall,2025-06-12T23:20:00Z,35,"Brake temps high, adjust pace.",engine,"['brakes', 'high_temp']"
68446db7621bbd729b51451d,msg1340,775,541,Sophie King,2025-06-09T09:38:00Z,18,"Hold position, conserve tyres.",strategy,"['tyre_management', 'conserve']"
68446db7621bbd729b51406d,msg140,141,31,Sara White,2025-06-07T17:38:00Z,36,Virtual safety car deployed.,alert,"['vsc', 'alert']"
68446db7621bbd729b514aa7,msg2758,141,31,Alex Green,2025-06-11T08:54:00Z,14,"Front wing damage, box for repairs.",alert,"['damage', 'pitstop', 'repair']"
68446db7621bbd729b514747,msg1894,775,554,Sophie King,2025-06-10T04:06:00Z,32,Prepare for safety car restart.,alert,"['safety_car', 'restart']"
